sample_id,error_type,hint_level,hint_level_compliance,no_solution_leakage,judge_quality_score,judge_rationale
,,,,,,
syntax_01,syntax_error,1,1,1,0.95,"The hint correctly draws the student's attention to the problematic SELECT clause without providing the solution, matching the Level 1 requirement. It uses encouraging language and accurately points out the missing comma issue, making it pedagogically effective."
,,,,,,
column_01,column_error,2,0.7,1,0.7,"The hint correctly identifies the error category (column_error) and explains what that means, matching the target level 2. It is pedagogically supportive but lacks the specific reference to the missing 'full_name' column and the suggested use of 'first_name' and 'last_name', making it less complete than the reference."
,,,,,,
relation_01,relation_error,1,1,1,0,"The hint fails to correct the student's relation error and instead reinforces the wrong table name, providing no accurate guidance. It does not meet the attention-level requirement of pointing out the specific mistake and offering the correct reference."
,,,,,,
join_01,join_error,3,1,1,0.85,"The hint correctly explains the need for a JOIN with an ON clause and provides a clear example, satisfying the level‑3 requirement for an example. While the example uses different tables (products/categories) instead of the specific orders/customers context, it still illustrates the concept accurately and is pedagogically helpful. Minor loss in relevance prevents a perfect score."
,,,,,,
agg_01,aggregation_error,2,0.6,1,0.45,"The hint correctly identifies the aggregation error and explains why it occurs, which is accurate. However, it stops at a conceptual explanation and does not provide the concrete category-level guidance expected at hint level 2 (e.g., remove product_name or add it to GROUP BY). Therefore it falls short of the target hint level and offers limited actionable help."
,,,,,,
subquery_01,subquery_error,3,1,1,0.86,"The hint correctly identifies the issue (using = with a multi‑row subquery) and advises using IN, which is the core of the reference hint. It provides an example of IN with a subquery, satisfying the target level 3 requirement. The explanation is clear and pedagogically supportive. Minor deduction because the example uses different tables/columns than the original problem, which slightly reduces direct relevance."
,,,,,,
type_01,type_error,1,1,1,0.35,"The hint does draw the student's attention to the problematic WHERE clause, matching the level‑1 requirement, but it stops short of explaining why the clause is wrong (list_price is numeric, not a string). It lacks the necessary clarification of the type error, making it only minimally helpful."
,,,,,,
logic_01,logic_error,4,1,1,0.95,"The hint matches the target level 4 by providing a fill‑in‑the‑blank template with clear placeholders. It correctly guides the student to join the orders table without giving away the exact syntax, encouraging active problem solving. The pedagogical tone is supportive and the content is accurate, aligning with the reference hint. Minor verbosity prevents a perfect score, but overall it is an excellent template hint."
,,,,,,
ambiguity_01,ambiguity_error,2,0.7,1,0.6,"The hint correctly identifies and explains the ambiguity error (good category-level explanation) and matches the target hint level. However, it stops short of guiding the student toward the needed resolution (e.g., using table aliases or qualifying column names), making it less actionable than an ideal Category hint."
,,,,,,
timeout_01,timeout_error,1,1,1,0.96,"The hint correctly matches the target Level 1 by merely drawing the student's attention to the problem (listing multiple tables without proper JOINs) and prompting reflection, without providing the full solution. It is pedagogically sound, encouraging, and factually accurate, aligning well with the reference issue. Minor room for improvement could be a slightly clearer link to the specific error, but overall it meets the criteria excellently."
,,,,,,
no_error_01,no_error,0,1,1,1,"The generated hint correctly confirms the query is correct, matches the reference content, adds appropriate positive feedback, and aligns with the required hint level."
,,,,,,
syntax_02,syntax_error,4,0.3,1,0,No rationale provided.
,,,,,,
join_02,join_error,2,0.8,1,0.85,"The hint correctly identifies the error category ('join key mismatch') and explains the underlying principle of using matching columns in a JOIN, which aligns with the target Level 2 (Category) hint. It is pedagogically supportive and factually accurate. However, it stops short of guiding the student toward the specific foreign‑key columns needed (p.brand_id = b.brand_id), which would be more appropriate for a higher hint level. The extra encouragement is fine, but the hint could be more concise and directly point out the mismatch category."
,,,,,,
agg_02,aggregation_error,3,1,1,0.94,"The hint correctly explains why WHERE cannot be used with aggregates and introduces HAVING, matching the aggregation_error context. It provides a concrete example of HAVING with SUM, satisfying the target level 3 (example) requirement. The explanation is pedagogically supportive and accurate, though slightly longer than the concise reference, it still stays on topic and aids understanding."
,,,,,,
logic_02,logic_error,1,1,1,0.9,"The hint correctly follows the Level 1 (Attention) requirement by encouraging the student to revisit their WHERE clause without giving away the solution. It is supportive, points directly to the source of the logic error, and is pedagogically sound. Minor loss of points because it could be slightly more specific about the nature of the filtering issue."
,,,,,,
28/3/2026 1:07AM,,,,,,
,,,,,,
AVERAGE,,,0.8733,1,0.6907,
,,,,,,
,,,,,,
,,,,,,
TAXONOMY_COVERAGE,11-Nov,100%,,,,
